name,state,state_code,type,degree_length,room_and_board,in_state_tuition,in_state_total,out_of_state_tuition,out_of_state_total,rank,early_career_pay,mid_career_pay,make_world_better_percent,stem_percent
Adams State University,Colorado,CO,Public,4 Year,8782,9440,18222,20456,29238,16,44400,81400,56,3
Adventist University of Health Sciences,Florida,FL,Private,4 Year,4200,15150,19350,15150,19350,14,51600,89800,88,5
Agnes Scott College,Georgia,GA,Private,4 Year,12330,41160,53490,41160,53490,14,46000,83600,57,26
Alabama State University,Alabama,AL,Public,4 Year,5422,11068,16490,19396,24818,20,39800,71500,61,16
Alaska Pacific University,Alaska,AK,Private,4 Year,7300,20830,28130,20830,28130,3,50300,90000,67,6
Albertus Magnus College,Connecticut,CT,Private,4 Year,13200,32060,45260,32060,45260,18,49700,85900,62,2
Albion College,Michigan,MI,Private,4 Year,12380,45775,58155,45775,58155,7,52100,99300,44,23
Alcorn State University,Mississippi,MS,Public,4 Year,9608,7144,16752,7144,16752,10,40900,69500,67,19
Allen College,Iowa,IA,Private,4 Year,7282,19970,27252,19970,27252,5,51600,91300,NA,0
Alma College,Michigan,MI,Private,4 Year,10998,40258,51256,40258,51256,15,48400,89900,52,15
Amberton University,Texas,TX,Private,4 Year,NA,12840,12840,12840,12840,24,52800,93600,57,0
Amherst College,Massachusetts,MA,Private,4 Year,14740,56426,71166,56426,71166,10,63800,116500,45,32
Amridge University,Alabama,AL,Private,4 Year,NA,6900,6900,6900,6900,24,35700,65900,NA,0
Andrews University,Michigan,MI,Private,4 Year,9078,29288,38366,29288,38366,21,47600,85000,51,7
Arizona Christian University,Arizona,AZ,Private,4 Year,10674,26796,37470,26796,37470,5,42600,76600,NA,7
Arkansas Tech University,Arkansas,AR,Public,4 Year,7870,9068,16938,15848,23718,13,45000,76900,54,7
Armstrong State University,Georgia,GA,Public,4 Year,11385,6384,17769,19866,31251,16,46600,81500,60,10
Asbury University,Kentucky,KY,Private,4 Year,7160,30198,37358,30198,37358,20,39400,70800,59,4
Athens State University,Alabama,AL,Public,4 Year,NA,6810,6810,12870,12870,15,45000,78800,51,9
Auburn University,Alabama,AL,Public,4 Year,13332,11276,24608,30524,43856,1,54400,104500,51,31
Auburn University at Montgomery,Alabama,AL,Public,4 Year,6980,10288,17268,22048,29028,13,45000,79600,61,12
Augsburg University,Minnesota,MN,Private,4 Year,10280,38800,49080,38800,49080,12,50500,91000,52,11
Augusta University,Georgia,GA,Public,4 Year,9640,10758,20398,29796,39436,13,47000,84400,69,10
Austin Peay State University,Tennessee,TN,Public,4 Year,10700,8411,19111,24467,35167,20,44200,78200,63,10
Avila University,Missouri,MO,Private,4 Year,7200,19900,27100,19900,27100,17,45900,81200,68,3
Babson College,Massachusetts,MA,Private,4 Year,16312,51104,67416,51104,67416,4,72000,133800,37,0
Baker University,Kansas,KS,Private,4 Year,8410,29830,38240,29830,38240,10,47800,84200,55,2
Ball State University,Indiana,IN,Public,4 Year,10234,9896,20130,26468,36702,22,45600,83700,48,7
Barry University,Florida,FL,Private,4 Year,11100,29850,40950,29850,40950,24,47400,84400,66,12
Bastyr University,Washington,WA,Private,4 Year,7590,26166,33756,26166,33756,22,48400,86300,NA,0
Bates College,Maine,ME,Private,4 Year,15224,53794,69018,53794,69018,3,59500,111900,50,23
Baylor University,Texas,TX,Private,4 Year,12595,45727,58322,45727,58322,12,55500,101400,49,16
Belhaven University,Mississippi,MS,Private,4 Year,8500,25300,33800,25300,33800,7,41200,74300,60,2
Bellarmine University,Kentucky,KY,Private,4 Year,12250,42200,54450,42200,54450,3,49000,90700,54,11
Bellevue College,Washington,WA,Public,2 Year,NA,4258,4258,9689,9689,18,50100,88500,56,14
Bellevue University,Nebraska,NE,Private,4 Year,8730,9390,18120,9390,18120,10,49400,84800,57,23
Bellin College,Wisconsin,WI,Private,4 Year,NA,22178,22178,22178,22178,6,55800,97600,94,0
Belmont University,Tennessee,TN,Private,4 Year,12120,34310,46430,34310,46430,17,47300,80900,47,3
Beloit College,Wisconsin,WI,Private,4 Year,8830,50040,58870,50040,58870,17,47400,85700,59,24
Benedictine College,Kansas,KS,Private,4 Year,10300,29530,39830,29530,39830,3,48700,91800,69,13
Bennington College,Vermont,VT,Private,4 Year,15610,54360,69970,54360,69970,6,48800,90000,50,5
Bentley University,Massachusetts,MA,Private,4 Year,16320,49880,66200,49880,66200,9,66600,116600,36,7
Berea College,Kentucky,KY,Private,4 Year,6764,39990,46754,39990,46754,19,39500,71600,53,27
Berry College,Georgia,GA,Private,4 Year,12770,36556,49326,36556,49326,12,44900,84900,44,21
Boise State University,Idaho,ID,Public,4 Year,10692,7694,18386,23776,34468,4,50100,86400,55,14
Boston College,Massachusetts,MA,Private,4 Year,14478,55464,69942,55464,69942,11,63600,115400,43,13
Boston University,Massachusetts,MA,Private,4 Year,15720,53948,69668,53948,69668,13,61400,113600,43,25
Bowdoin College,Maine,ME,Private,4 Year,14698,53922,68620,53922,68620,2,61300,112000,54,37
Bowie State University,Maryland,MD,Public,4 Year,10904,8233,19137,18873,29777,18,50300,89900,65,11
Bradley University,Illinois,IL,Private,4 Year,10620,33760,44380,33760,44380,6,55600,104900,46,38
Brandeis University,Massachusetts,MA,Private,4 Year,15440,55395,70835,55395,70835,14,60600,113200,48,29
Brescia University,Kentucky,KY,Private,4 Year,9200,22400,31600,22400,31600,10,44300,81200,53,7
Brigham Young University-Hawaii,Hawaii,HI,Private,4 Year,6586,5560,12146,5560,12146,1,51700,93900,57,12
Brigham Young University-Idaho,Idaho,ID,Private,4 Year,4592,4118,8710,4118,8710,2,53700,93500,59,14
Bucknell University,Pennsylvania,PA,Private,4 Year,13662,56092,69754,56092,69754,5,66700,122900,40,40
Butler University,Indiana,IN,Private,4 Year,13830,41120,54950,41120,54950,7,51800,99300,53,9
California Institute of Technology,California,CA,Private,4 Year,15525,52362,67887,52362,67887,3,84100,151600,53,97
Calvin College,Michigan,MI,Private,4 Year,10200,34600,44800,34600,44800,13,50200,91100,54,23
Cameron University,Oklahoma,OK,Public,4 Year,5452,6450,11902,15870,21322,11,43900,81500,54,14
Campbellsville University,Kentucky,KY,Private,4 Year,8000,25400,33400,25400,33400,24,37600,66800,50,7
Capitol Technology University,Maryland,MD,Private,4 Year,5708,25428,31136,25428,31136,2,67400,118400,63,88
Cardinal Stritch University,Wisconsin,WI,Private,4 Year,8440,29998,38438,29998,38438,20,47000,82500,51,2
Carleton College,Minnesota,MN,Private,4 Year,14085,54759,68844,54759,68844,1,58800,109900,47,45
Carnegie Mellon University,Pennsylvania,PA,Private,4 Year,14418,55465,69883,55465,69883,1,75900,136100,45,66
Carroll College,Montana,MT,Private,4 Year,9880,35486,45366,35486,45366,3,48200,91400,55,25
Carroll University,Wisconsin,WI,Private,4 Year,9484,31918,41402,31918,41402,16,45600,86500,49,14
Carson-Newman University,Tennessee,TN,Private,4 Year,8810,27900,36710,27900,36710,23,42700,76500,61,5
Carthage College,Wisconsin,WI,Private,4 Year,11990,43550,55540,43550,55540,18,48900,85400,48,17
Case Western Reserve University,Ohio,OH,Private,4 Year,15190,49042,64232,49042,64232,1,66600,117800,44,37
Castleton University,Vermont,VT,Public,4 Year,10598,12314,22912,28322,38920,11,41700,76200,52,6
Centenary College of Louisiana,Louisiana,LA,Private,4 Year,13400,36580,49980,36580,49980,10,47000,88400,37,26
Central Baptist College,Arkansas,AR,Private,4 Year,7500,16200,23700,16200,23700,18,36900,68000,NA,3
Central Christian College of Kansas,Kansas,KS,Private,4 Year,8286,26674,34960,26674,34960,25,37100,66100,NA,2
Central College,Iowa,IA,Private,4 Year,10280,37295,47575,37295,47575,9,49000,88800,55,36
Central Connecticut State University,Connecticut,CT,Public,4 Year,12176,10616,22792,21856,34032,12,53100,93700,45,15
Central Michigan University,Michigan,MI,Public,4 Year,10076,12960,23036,12960,23036,23,47700,83600,46,13
Central Washington University,Washington,WA,Public,4 Year,11115,8072,19187,23053,34168,14,52700,93200,47,13
Centre College,Kentucky,KY,Private,4 Year,10480,41700,52180,41700,52180,4,49500,88500,52,22
Chadron State College,Nebraska,NE,Public,4 Year,7380,7196,14576,7196,14576,16,42300,76700,66,3
Chaminade University of Honolulu,Hawaii,HI,Private,4 Year,13630,25374,39004,25374,39004,4,45400,84000,55,3
Champlain College,Vermont,VT,Private,4 Year,15354,41010,56364,41010,56364,7,51100,88400,39,14
Charles R Drew University of Medicine and Science,California,CA,Private,4 Year,NA,17440,17440,17440,17440,5,78300,135700,NA,3
Charter Oak State College,Connecticut,CT,Public,4 Year,NA,10161,10161,13101,13101,18,49200,85900,68,2
Christian Brothers University,Tennessee,TN,Private,4 Year,7400,32820,40220,32820,40220,4,51500,96500,60,14
Christopher Newport University,Virginia,VA,Public,4 Year,11460,14754,26214,27220,38680,17,50800,87200,55,25
Claremont McKenna College,California,CA,Private,4 Year,16705,54405,71110,54405,71110,9,68500,125400,43,16
Clark Atlanta University,Georgia,GA,Private,4 Year,9524,23436,32960,23436,32960,18,46300,81100,54,15
Clark College,Washington,WA,Public,2 Year,NA,4287,4287,9718,9718,24,43500,78400,NA,9
Clark University,Massachusetts,MA,Private,4 Year,9170,45730,54900,45730,54900,23,52600,101400,47,14
Clarke University,Iowa,IA,Private,4 Year,9600,33350,42950,33350,42950,20,44900,80200,52,6
Clarkson College,Nebraska,NE,Private,4 Year,5398,16920,22318,16920,22318,4,50900,91500,74,0
Cleary University,Michigan,MI,Private,4 Year,9600,20250,29850,20250,29850,22,47400,84700,50,0
Cleveland State University,Ohio,OH,Public,4 Year,13560,10625,24185,14992,28552,21,48300,88600,51,20
Coe College,Iowa,IA,Private,4 Year,9480,45000,54480,45000,54480,13,47200,86900,41,24
Colby College,Maine,ME,Private,4 Year,14190,55210,69400,55210,69400,4,59200,103300,50,25
College for Creative Studies,Michigan,MI,Private,4 Year,8800,44110,52910,44110,52910,16,51200,89800,40,0
College of Saint Mary,Nebraska,NE,Private,4 Year,7700,20350,28050,20350,28050,14,43900,77700,45,9
College of the Holy Cross,Massachusetts,MA,Private,4 Year,14520,52770,67290,52770,67290,12,61800,114600,46,24
College of William and Mary,Virginia,VA,Public,4 Year,12236,23400,35636,44701,56937,5,59000,108900,42,21
Colorado Christian University,Colorado,CO,Private,4 Year,11846,31866,43712,31866,43712,17,46800,80100,70,2
Colorado College,Colorado,CO,Private,4 Year,12512,55470,67982,55470,67982,5,53100,97900,48,23
Colorado Mesa University,Colorado,CO,Public,4 Year,10925,9243,20168,22440,33365,14,47800,81500,55,7
Colorado School of Mines,Colorado,CO,Public,4 Year,13169,18964,32133,38584,51753,1,75600,139600,60,93
Columbus State University,Georgia,GA,Public,4 Year,9880,7200,17080,20682,30562,25,43300,77900,59,10
Connecticut College,Connecticut,CT,Private,4 Year,15150,54820,69970,54820,69970,8,57500,100800,36,30
Corban University,Oregon,OR,Private,4 Year,10228,33040,43268,33040,43268,21,42500,77300,63,1
Cornell College,Iowa,IA,Private,4 Year,9384,42299,51683,42299,51683,6,49600,90600,47,22
Cornish College of the Arts,Washington,WA,Private,4 Year,12400,41642,54042,41642,54042,21,49000,86400,39,0
Covenant College,Georgia,GA,Private,4 Year,10260,34330,44590,34330,44590,24,44400,79400,62,19
Creighton University,Nebraska,NE,Private,4 Year,11036,39916,50952,39916,50952,2,53500,95800,56,9
Cumberland University,Tennessee,TN,Private,4 Year,9290,22890,32180,22890,32180,16,45500,81000,61,3
Delaware State University,Delaware,DE,Public,4 Year,12190,7868,20058,16904,29094,3,46300,81900,62,10
Delta State University,Mississippi,MS,Public,4 Year,7722,7246,14968,7246,14968,8,40800,74200,63,5
Denison University,Ohio,OH,Private,4 Year,12710,51960,64670,51960,64670,5,54400,104800,45,22
DePaul University,Illinois,IL,Private,4 Year,14235,39975,54210,39975,54210,8,55700,102900,43,15
DePauw University,Indiana,IN,Private,4 Year,13020,49704,62724,49704,62724,5,56600,101000,47,24
Dickinson College,Pennsylvania,PA,Private,4 Year,13698,54661,68359,54661,68359,21,55800,100100,46,25
Dillard University,Louisiana,LA,Private,4 Year,10100,18099,28199,18099,28199,17,44700,79800,74,20
Dordt College,Iowa,IA,Private,4 Year,9590,30870,40460,30870,40460,8,51000,89600,57,17
Drake University,Iowa,IA,Private,4 Year,10528,41396,51924,41396,51924,2,52800,99900,49,7
Drexel University,Pennsylvania,PA,Private,4 Year,14079,53279,67358,53279,67358,9,61700,114800,47,28
Drury University,Missouri,MO,Private,4 Year,8096,28365,36461,28365,36461,19,42600,79400,60,12
Earlham College,Indiana,IN,Private,4 Year,10400,46450,56850,46450,56850,13,49100,88400,57,31
East Central University,Oklahoma,OK,Public,4 Year,5514,6810,12324,17700,23214,17,44700,77500,66,9
East Tennessee State University,Tennessee,TN,Public,4 Year,8472,9277,17749,28459,36931,22,43700,77300,57,8
Eastern Connecticut State University,Connecticut,CT,Public,4 Year,13560,11356,24916,22596,36156,17,49200,87800,43,14
Eastern Kentucky University,Kentucky,KY,Public,4 Year,9018,9296,18314,19074,28092,11,45600,80700,56,5
Eastern Michigan University,Michigan,MI,Public,4 Year,9854,13959,23813,13959,23813,18,47300,86700,50,6
Eastern Oregon University,Oregon,OR,Public,4 Year,10040,8679,18719,20739,30779,23,44000,73900,56,5
Eastern Washington University,Washington,WA,Public,4 Year,12793,7323,20116,24444,37237,20,49500,87500,52,17
Eckerd College,Florida,FL,Private,4 Year,12588,44540,57128,44540,57128,17,49200,88400,52,25
Edgewood College,Wisconsin,WI,Private,4 Year,11020,29500,40520,29500,40520,15,49500,87500,54,5
Emory University,Georgia,GA,Private,4 Year,14456,51306,65762,51306,65762,2,62000,110800,44,20
Emporia State University,Kansas,KS,Public,4 Year,8912,6758,15670,20675,29587,19,43500,78000,60,9
Fairfield University,Connecticut,CT,Private,4 Year,14710,48350,63060,48350,63060,4,62300,116900,41,17
Faulkner University,Alabama,AL,Private,4 Year,7750,21690,29440,21690,29440,21,39400,71300,61,2
Ferris State University,Michigan,MI,Public,4 Year,9894,12630,22524,12630,22524,17,50000,89300,50,8
Ferrum College,Virginia,VA,Private,4 Year,11500,34175,45675,34175,45675,25,43000,80600,54,6
Fisk University,Tennessee,TN,Private,4 Year,10790,21480,32270,21480,32270,11,45300,83600,53,39
Florida Agricultural and Mechanical University,Florida,FL,Public,4 Year,10594,5827,16421,17768,28362,25,48000,83900,62,8
Florida Atlantic University,Florida,FL,Public,4 Year,11896,6039,17935,21595,33491,11,49400,91200,51,15
Florida Institute of Technology,Florida,FL,Private,4 Year,12880,41850,54730,41850,54730,3,58300,105400,53,48
Florida International University,Florida,FL,Public,4 Year,10882,6558,17440,18956,29838,13,49600,90100,51,16
Florida State University,Florida,FL,Public,4 Year,10816,6516,17332,21683,32499,8,50800,92700,49,18
Fort Hays State University,Kansas,KS,Public,4 Year,8300,5133,13433,15201,23501,16,45100,79300,64,6
Fort Lewis College,Colorado,CO,Public,4 Year,9878,9040,18918,19696,29574,13,48300,82600,55,19
Franklin College,Indiana,IN,Private,4 Year,9946,32010,41956,32010,41956,16,48900,86200,45,21
Freed-Hardeman University,Tennessee,TN,Private,4 Year,8260,21950,30210,21950,30210,20,43700,78200,54,9
Friends University,Kansas,KS,Private,4 Year,7972,28415,36387,28415,36387,21,44700,76500,59,14
Frostburg State University,Maryland,MD,Public,4 Year,10202,9172,19374,22892,33094,21,49600,87000,48,19
George Fox University,Oregon,OR,Private,4 Year,11250,36020,47270,36020,47270,13,51200,89600,52,8
George Mason University,Virginia,VA,Public,4 Year,11460,12462,23922,35922,47382,8,58900,105700,48,23
Georgetown College,Kentucky,KY,Private,4 Year,9780,38650,48430,38650,48430,9,45000,81900,54,10
Georgia Southern University,Georgia,GA,Public,4 Year,10070,7422,17492,20904,30974,8,49000,88000,49,17
Georgia State University,Georgia,GA,Public,4 Year,11378,10858,22236,29432,40810,7,50600,90800,47,18
Gettysburg College,Pennsylvania,PA,Private,4 Year,13010,54480,67490,54480,67490,12,58400,109300,39,24
Goddard College,Vermont,VT,Private,4 Year,1698,16586,18284,16586,18284,10,42700,76900,NA,0
Goldey-Beacom College,Delaware,DE,Private,4 Year,6400,24300,30700,24300,30700,2,49800,86900,42,25
Gonzaga University,Washington,WA,Private,4 Year,11944,43210,55154,43210,55154,4,57800,107600,51,19
Goucher College,Maryland,MD,Private,4 Year,14506,44300,58806,44300,58806,17,49400,90600,42,11
Grambling State University,Louisiana,LA,Public,4 Year,7192,7435,14627,16458,23650,21,43100,73100,66,10
Green Mountain College,Vermont,VT,Private,4 Year,11722,37002,48724,37002,48724,12,42000,75200,57,2
Grinnell College,Iowa,IA,Private,4 Year,12810,52392,65202,52392,65202,4,53400,96500,49,41
Grove City College,Pennsylvania,PA,Private,4 Year,9770,17930,27700,17930,27700,24,54400,98400,53,29
Gustavus Adolphus College,Minnesota,MN,Private,4 Year,9910,45400,55310,45400,55310,7,51200,96800,47,22
Hamline University,Minnesota,MN,Private,4 Year,10358,41298,51656,41298,51656,14,48100,90400,52,5
Hampden-Sydney College,Virginia,VA,Private,4 Year,13558,45746,59304,45746,59304,6,58300,108600,52,20
Hampton University,Virginia,VA,Private,4 Year,11778,26702,38480,26702,38480,13,52700,92600,61,12
Hanover College,Indiana,IN,Private,4 Year,11580,37670,49250,37670,49250,18,47500,85100,53,24
Harding University,Arkansas,AR,Private,4 Year,7044,20135,27179,20135,27179,4,49200,88600,47,10
Harvey Mudd College,California,CA,Private,4 Year,18127,56876,75003,56876,75003,1,88800,158200,55,85
Hastings College,Nebraska,NE,Private,4 Year,9700,30050,39750,30050,39750,8,48600,87100,55,14
Haverford College,Pennsylvania,PA,Private,4 Year,16402,54592,70994,54592,70994,10,59300,112300,47,36
Hawaii Pacific University,Hawaii,HI,Private,4 Year,14800,25980,40780,25980,40780,2,52200,93500,56,15
Henderson State University,Arkansas,AR,Public,4 Year,7504,8436,15940,10086,17590,10,42900,79800,57,5
Hendrix College,Arkansas,AR,Private,4 Year,12284,45790,58074,45790,58074,2,48100,90300,58,33
Heritage University,Washington,WA,Private,4 Year,NA,18124,18124,18124,18124,25,41100,73600,NA,17
Holy Cross College,Indiana,IN,Private,4 Year,11500,30820,42320,30820,42320,15,48100,87800,NA,0
Hood College,Maryland,MD,Private,4 Year,12700,39492,52192,39492,52192,25,47900,82600,49,32
Hope College,Michigan,MI,Private,4 Year,10310,34010,44320,34010,44320,14,49200,90900,51,18
Huntingdon College,Alabama,AL,Private,4 Year,9750,27400,37150,27400,37150,14,42400,78900,69,14
Husson University,Maine,ME,Private,4 Year,9830,18180,28010,18180,28010,10,43300,77600,52,1
Idaho State University,Idaho,ID,Public,4 Year,7207,7420,14627,22940,30147,3,50800,91800,64,12
Illinois Institute of Technology,Illinois,IL,Private,4 Year,12762,47296,60058,47296,60058,1,64600,118500,47,64
Illinois State University,Illinois,IL,Public,4 Year,9850,14516,24366,26040,35890,16,51200,95000,47,10
Illinois Wesleyan University,Illinois,IL,Private,4 Year,10984,47636,58620,47636,58620,12,53100,96000,44,18
Indiana Institute of Technology,Indiana,IN,Private,4 Year,10020,26900,36920,26900,36920,19,50000,84900,46,11
Indiana State University,Indiana,IN,Public,4 Year,10590,9090,19680,19836,30426,17,47900,85600,55,8
Iowa State University,Iowa,IA,Public,4 Year,8720,8988,17708,23392,32112,1,56100,101300,48,31
Jackson State University,Mississippi,MS,Public,4 Year,9552,8226,17778,19454,29006,6,41700,74600,67,16
Jacksonville State University,Alabama,AL,Public,4 Year,8100,10425,18525,20145,28245,12,43800,80000,61,7
Jacksonville University,Florida,FL,Private,4 Year,14080,36670,50750,36670,50750,12,50100,90400,66,5
James Madison University,Virginia,VA,Public,4 Year,10092,12016,22108,28416,38508,9,57400,102600,42,12
Jefferson College of Health Sciences,Virginia,VA,Private,4 Year,5870,26886,32756,26886,32756,11,55500,97600,86,1
John Brown University,Arkansas,AR,Private,4 Year,9224,26928,36152,26928,36152,5,47000,82700,53,9
John Carroll University,Ohio,OH,Private,4 Year,11874,41340,53214,41340,53214,11,51600,97300,39,16
Johns Hopkins University,Maryland,MD,Private,4 Year,15836,54240,70076,54240,70076,3,67200,117100,57,31
Judson College,Alabama,AL,Private,4 Year,10590,18510,29100,18510,29100,23,37900,67600,65,13
Kalamazoo College,Michigan,MI,Private,4 Year,9756,48516,58272,48516,58272,8,51600,94500,52,31
Kansas City Art Institute,Missouri,MO,Private,4 Year,10400,38400,48800,38400,48800,22,42500,77700,37,0
Kansas State University,Kansas,KS,Public,4 Year,9680,10263,19943,25767,35447,2,52500,97200,51,18
Kansas Wesleyan University,Kansas,KS,Private,4 Year,9500,29500,39000,29500,39000,15,44700,79400,61,10
Kennesaw State University,Georgia,GA,Public,4 Year,11467,7432,18899,21158,32625,5,52500,94600,46,22
Kentucky Christian University,Kentucky,KY,Private,4 Year,8270,19820,28090,19820,28090,22,39600,70300,68,3
Kentucky State University,Kentucky,KY,Public,4 Year,6690,8090,14780,19390,26080,18,40700,73100,57,13
Kentucky Wesleyan College,Kentucky,KY,Private,4 Year,9764,26440,36204,26440,36204,14,42100,76800,65,14
Kenyon College,Ohio,OH,Private,4 Year,12510,55930,68440,55930,68440,7,55000,103800,50,17
Kettering College,Ohio,OH,Private,4 Year,4100,16200,20300,16200,20300,14,54300,95800,NA,0
Kettering University,Michigan,MI,Private,4 Year,8240,43490,51730,43490,51730,1,69900,125000,44,74
Knox College,Illinois,IL,Private,4 Year,9870,46554,56424,46554,56424,15,50600,95400,45,24
La Salle University,Pennsylvania,PA,Private,4 Year,15080,30560,45640,30560,45640,15,55800,104800,40,5
Lafayette College,Pennsylvania,PA,Private,4 Year,15640,52880,68520,52880,68520,6,66500,122500,37,47
Lake Forest College,Illinois,IL,Private,4 Year,10390,47064,57454,47064,57454,9,55400,102600,46,21
Lake Superior State University,Michigan,MI,Public,4 Year,9882,12090,21972,12090,21972,24,45900,83500,48,14
Lakeview College of Nursing,Illinois,IL,Private,4 Year,NA,16320,16320,16320,16320,18,55000,94100,83,0
Lamar University,Texas,TX,Public,4 Year,8920,10192,19112,22642,31562,13,53300,101200,57,16
Langston University,Oklahoma,OK,Public,4 Year,9476,5950,15426,13300,22776,11,46500,81500,66,8
Lawrence Technological University,Michigan,MI,Private,4 Year,9950,33570,43520,33570,43520,4,57900,108400,49,60
Lawrence University,Wisconsin,WI,Private,4 Year,10341,47475,57816,47475,57816,5,51500,98800,58,25
Lehigh University,Pennsylvania,PA,Private,4 Year,13600,52930,66530,52930,66530,2,69500,134100,45,52
LeTourneau University,Texas,TX,Private,4 Year,9970,30210,40180,30210,40180,18,56600,98900,53,21
Lewis & Clark College,Oregon,OR,Private,4 Year,12490,50934,63424,50934,63424,10,50000,93200,51,12
Lewis University,Illinois,IL,Private,4 Year,10578,32450,43028,32450,43028,25,49700,89800,53,14
Lewis-Clark State College,Idaho,ID,Public,4 Year,7580,6618,14198,19236,26816,7,44900,77600,60,5
Lindenwood University,Missouri,MO,Private,4 Year,9000,17600,26600,17600,26600,21,45100,78500,48,9
Lindsey Wilson College,Kentucky,KY,Private,4 Year,9385,24850,34235,24850,34235,25,35300,64100,52,2
Lipscomb University,Tennessee,TN,Private,4 Year,12652,32144,44796,32144,44796,9,49000,84800,59,12
Longwood University,Virginia,VA,Public,4 Year,11746,13340,25086,29300,41046,21,47300,83300,54,9
Loras College,Iowa,IA,Private,4 Year,8275,34184,42459,34184,42459,7,48000,90100,56,14
Louisiana College,Louisiana,LA,Private,4 Year,5618,17000,22618,17000,22618,17,44800,79800,58,4
Louisiana Tech University,Louisiana,LA,Public,4 Year,6495,9645,16140,18558,25053,3,53100,100700,57,24
Loyola Marymount University,California,CA,Private,4 Year,14490,48522,63012,48522,63012,18,58500,113300,39,9
Loyola University Chicago,Illinois,IL,Private,4 Year,14480,44048,58528,44048,58528,12,53400,96000,45,15
Loyola University Maryland,Maryland,MD,Private,4 Year,14430,49085,63515,49085,63515,5,59900,111200,40,8
Loyola University New Orleans,Louisiana,LA,Private,4 Year,13380,39692,53072,39692,53072,9,47900,88600,47,4
Luther College,Iowa,IA,Private,4 Year,9460,42290,51750,42290,51750,14,48200,85900,49,21
Lyndon State College,Vermont,VT,Public,4 Year,10598,12074,22672,25394,35992,13,41500,75100,49,8
Lynn University,Florida,FL,Private,4 Year,12170,38210,50380,38210,50380,22,46100,85000,45,2
Lyon College,Arkansas,AR,Private,4 Year,9130,28790,37920,28790,37920,15,41200,74300,53,33
Macalester College,Minnesota,MN,Private,4 Year,12156,54344,66500,54344,66500,6,53600,100400,51,31
Maharishi University of Management,Iowa,IA,Private,4 Year,7400,16530,23930,16530,23930,16,46800,85200,NA,65
Maine College of Art,Maine,ME,Private,4 Year,11890,35000,46890,35000,46890,17,36300,64600,37,0
Maine Maritime Academy,Maine,ME,Public,4 Year,10310,13478,23788,27098,37408,1,67000,121800,65,48
Manchester University,Indiana,IN,Private,4 Year,9580,32758,42338,32758,42338,20,46900,84700,56,10
Manhattan Christian College,Kansas,KS,Private,4 Year,9092,15850,24942,15850,24942,24,39400,72200,NA,0
Marietta College,Ohio,OH,Private,4 Year,11320,36040,47360,36040,47360,15,51200,94300,57,45
Marquette University,Wisconsin,WI,Private,4 Year,12720,41870,54590,41870,54590,2,57800,105900,52,25
Maryland Institute College of Art,Maryland,MD,Private,4 Year,13280,48630,61910,48630,61910,24,49000,84500,40,0
Marylhurst University,Oregon,OR,Private,4 Year,NA,20835,20835,20835,20835,19,46200,79800,63,0
Marymount University,Virginia,VA,Private,4 Year,13190,31466,44656,31466,44656,12,52300,93100,44,15
Maryville College,Tennessee,TN,Private,4 Year,11424,34880,46304,34880,46304,24,42800,75300,68,16
Maryville University of Saint Louis,Missouri,MO,Private,4 Year,10088,28470,38558,28470,38558,18,46800,80100,53,2
Massachusetts Institute of Technology,Massachusetts,MA,Private,4 Year,15510,51832,67342,51832,67342,1,86300,155200,52,69
Massachusetts Maritime Academy,Massachusetts,MA,Public,4 Year,12675,9724,22399,26102,38777,8,67900,117500,53,47
McDaniel College,Maryland,MD,Private,4 Year,11430,43260,54690,43260,54690,12,51100,94600,54,6
McNeese State University,Louisiana,LA,Public,4 Year,8704,7859,16563,18934,27638,11,50200,88200,57,13
McPherson College,Kansas,KS,Private,4 Year,8788,28951,37739,28951,37739,14,44500,80900,59,9
MCPHS University,Massachusetts,MA,Private,4 Year,16400,32705,49105,32705,49105,6,65900,121800,71,2
Menlo College,California,CA,Private,4 Year,14225,42800,57025,42800,57025,20,61900,112400,59,0
Mercer University,Georgia,GA,Private,4 Year,11616,36894,48510,36894,48510,11,48500,85100,62,14
Merrimack College,Massachusetts,MA,Private,4 Year,15845,41760,57605,41760,57605,22,56000,102500,50,13
Methodist College,Illinois,IL,Private,4 Year,7440,20800,28240,20800,28240,23,51400,90500,NA,0
Metropolitan State University,Minnesota,MN,Public,4 Year,NA,7879,7879,14980,14980,20,50200,85900,53,11
Metropolitan State University of Denver,Colorado,CO,Public,4 Year,NA,7665,7665,20847,20847,11,49400,87200,51,11
Michigan State University,Michigan,MI,Public,4 Year,10322,14460,24782,39765,50087,5,55300,100800,46,20
Michigan Technological University,Michigan,MI,Public,4 Year,10756,15646,26402,33726,44482,2,65000,116300,47,81
Mid-America Christian University,Oklahoma,OK,Private,4 Year,8036,18334,26370,18334,26370,21,40700,74100,71,0
MidAmerica Nazarene University,Kansas,KS,Private,4 Year,8708,30736,39444,30736,39444,18,46200,78500,60,1
Middle Georgia State University,Georgia,GA,Public,4 Year,9080,4608,13688,13568,22648,23,44000,79800,57,11
Middle Tennessee State University,Tennessee,TN,Public,4 Year,9436,9206,18642,28364,37800,15,46500,81100,52,9
Middlebury College,Vermont,VT,Private,4 Year,15530,54450,69980,54450,69980,1,60400,109800,54,19
Midland University,Nebraska,NE,Private,4 Year,8776,32558,41334,32558,41334,13,43800,78100,60,7
Midway University,Kentucky,KY,Private,4 Year,8480,24650,33130,24650,33130,22,39200,70300,53,3
Miles College,Alabama,AL,Private,4 Year,7042,11604,18646,11604,18646,25,34800,65100,64,19
Milligan College,Tennessee,TN,Private,4 Year,7100,33700,40800,33700,40800,25,41200,74900,63,5
Millsaps College,Mississippi,MS,Private,4 Year,13730,39910,53640,39910,53640,3,49300,88700,56,24
Milwaukee School of Engineering,Wisconsin,WI,Private,4 Year,10389,40749,51138,40749,51138,1,65700,117600,50,69
Minneapolis College of Art and Design,Minnesota,MN,Private,4 Year,5610,39210,44820,39210,44820,24,47400,84700,39,0
Mississippi College,Mississippi,MS,Private,4 Year,10300,18026,28326,18026,28326,5,45200,79500,57,20
Mississippi State University,Mississippi,MS,Public,4 Year,10090,8760,18850,23360,33450,1,51100,94100,57,27
Mississippi University for Women,Mississippi,MS,Public,4 Year,7424,7040,14464,7040,14464,10,39500,69500,63,2
Mississippi Valley State University,Mississippi,MS,Public,4 Year,8043,6570,14613,6570,14613,14,32500,61900,70,11
Missouri University of Science and Technology,Missouri,MO,Public,4 Year,10274,10169,20443,28499,38773,1,67300,122600,50,80
Missouri Western State University,Missouri,MO,Public,4 Year,NA,6466,6466,14137,14137,22,43400,77700,53,14
Montana State University,Montana,MT,Public,4 Year,10100,7421,17521,24849,34949,2,53700,96200,54,31
Montana Tech of the University of Montana,Montana,MT,Public,4 Year,9656,7411,17067,22574,32230,1,61200,112600,64,61
Morehead State University,Kentucky,KY,Public,4 Year,9960,9170,19130,13646,23606,16,41300,74900,56,9
Morehouse College,Georgia,GA,Private,4 Year,13438,27574,41012,27574,41012,4,55700,98700,58,26
Morningside College,Iowa,IA,Private,4 Year,9610,31530,41140,31530,41140,19,44900,82100,60,6
Mount Carmel College of Nursing,Ohio,OH,Private,4 Year,5000,13907,18907,13907,18907,8,56600,99700,78,0
Mount Mercy University,Iowa,IA,Private,4 Year,9534,31798,41332,31798,41332,22,47200,79000,51,4
Mount St. Mary's University,Maryland,MD,Private,4 Year,13075,41350,54425,41350,54425,13,50200,94100,50,11
Muhlenberg College,Pennsylvania,PA,Private,4 Year,11765,52595,64360,52595,64360,17,53400,101900,43,20
Multnomah University,Oregon,OR,Private,4 Year,8870,25900,34770,25900,34770,22,40500,76400,82,0
Murray State University,Kentucky,KY,Public,4 Year,9190,9084,18274,24540,33730,12,44800,79900,56,9
Nazarene Bible College,Colorado,CO,Private,4 Year,NA,14700,14700,14700,14700,19,33600,60100,NA,0
Nebraska Wesleyan University,Nebraska,NE,Private,4 Year,9622,34202,43824,34202,43824,12,45700,80500,60,8
New College of Florida,Florida,FL,Public,4 Year,9264,6919,16183,29944,39208,20,47300,86500,40,4
New Orleans Baptist Theological Seminary,Louisiana,LA,Private,4 Year,2625,7775,10400,7775,10400,23,33900,61500,NA,0
Newman University,Kansas,KS,Private,4 Year,8326,30724,39050,30724,39050,6,48000,88500,66,11
Nicholls State University,Louisiana,LA,Public,4 Year,9938,7982,17920,9075,19013,14,44500,84300,53,5
North Central College,Illinois,IL,Private,4 Year,11019,38880,49899,38880,49899,19,50400,92900,45,9
Northeastern State University,Oklahoma,OK,Public,4 Year,7638,6650,14288,14720,22358,16,44500,77600,58,7
Northeastern University,Massachusetts,MA,Private,4 Year,16880,51387,68267,51387,68267,16,62500,109700,46,40
Northern Arizona University,Arizona,AZ,Public,4 Year,10282,11564,21846,25828,36110,4,49600,90000,56,12
Northern Illinois University,Illinois,IL,Public,4 Year,10880,12262,23142,12262,23142,14,53000,95500,47,20
Northern Kentucky University,Kentucky,KY,Public,4 Year,10022,10032,20054,19680,29702,6,49000,87400,46,12
Northwest Christian University,Oregon,OR,Private,4 Year,9300,30050,39350,30050,39350,17,45200,81100,62,5
Northwest Missouri State University,Missouri,MO,Public,4 Year,10016,9805,19821,16457,26473,13,46900,85100,50,26
Northwest Nazarene University,Idaho,ID,Private,4 Year,7400,29300,36700,29300,36700,6,46200,80600,68,7
Northwest University,Washington,WA,Private,4 Year,8630,31540,40170,31540,40170,16,50900,89000,51,3
Northwestern College,Iowa,IA,Private,4 Year,9200,31100,40300,31100,40300,18,44800,82400,42,11
Northwestern Oklahoma State University,Oklahoma,OK,Public,4 Year,4780,7036,11816,14153,18933,18,42200,76800,55,11
Northwestern University,Illinois,IL,Private,4 Year,16626,54567,71193,54567,71193,2,63400,115400,46,20
Norwich University,Vermont,VT,Private,4 Year,13840,40016,53856,40016,53856,3,57000,99100,51,20
Notre Dame of Maryland University,Maryland,MD,Private,4 Year,11850,36900,48750,36900,48750,23,48300,86400,58,3
Nova Southeastern University,Florida,FL,Private,4 Year,13250,30900,44150,30900,44150,14,50200,89800,60,9
Oakland University,Michigan,MI,Public,4 Year,10100,12606,22706,24230,34330,9,51300,93300,49,19
Oakwood University,Alabama,AL,Private,4 Year,9312,16720,26032,16720,26032,15,43500,78800,71,16
Oberlin College,Ohio,OH,Private,4 Year,16338,55054,71392,55054,71392,13,53100,96800,47,21
Oglethorpe University,Georgia,GA,Private,4 Year,13200,38100,51300,38100,51300,6,52400,91400,50,12
Ohio Northern University,Ohio,OH,Private,4 Year,11650,32260,43910,32260,43910,6,54400,103900,49,22
Ohio Wesleyan University,Ohio,OH,Private,4 Year,12430,45760,58190,45760,58190,9,51300,99200,46,21
Oklahoma Baptist University,Oklahoma,OK,Private,4 Year,7350,28258,35608,28258,35608,19,43900,76600,62,8
Oklahoma Christian University,Oklahoma,OK,Private,4 Year,8190,22760,30950,22760,30950,7,49700,87900,57,41
Oklahoma City University,Oklahoma,OK,Private,4 Year,8896,31026,39922,31026,39922,7,47700,87900,58,9
Oklahoma Panhandle State University,Oklahoma,OK,Public,4 Year,4695,8194,12889,9133,13828,20,42300,74400,54,10
Oklahoma Wesleyan University,Oklahoma,OK,Private,4 Year,8644,26956,35600,26956,35600,15,43300,78700,58,1
Old Dominion University,Virginia,VA,Public,4 Year,11620,10872,22492,29772,41392,14,50200,89900,52,19
Oral Roberts University,Oklahoma,OK,Private,4 Year,9450,27728,37178,27728,37178,9,45900,85100,59,8
Oregon Health & Science University,Oregon,OR,Public,4 Year,NA,19176,19176,33666,33666,1,65400,108300,79,10
Oregon Institute of Technology,Oregon,OR,Public,4 Year,9058,9987,19045,28056,37114,2,61200,106800,60,27
Oregon State University,Oregon,OR,Public,4 Year,12855,11166,24021,30141,42996,5,56200,104800,53,34
Ouachita Baptist University,Arkansas,AR,Private,4 Year,7880,26790,34670,26790,34670,8,44100,80200,58,18
Pacific Lutheran University,Washington,WA,Private,4 Year,10790,42066,52856,42066,52856,10,54500,98100,53,20
Pacific Northwest College of Art,Oregon,OR,Private,4 Year,12860,38250,51110,38250,51110,15,46300,85000,NA,0
Pacific University,Oregon,OR,Private,4 Year,12528,44298,56826,44298,56826,8,50200,94000,66,8
Park University,Missouri,MO,Private,4 Year,8200,12650,20850,12650,20850,14,48500,85000,56,7
Peru State College,Nebraska,NE,Public,4 Year,8010,7452,15462,7482,15492,17,42600,74800,50,6
Philander Smith College,Arkansas,AR,Private,4 Year,8250,12414,20664,12414,20664,19,34600,61200,NA,26
Pittsburg State University,Kansas,KS,Public,4 Year,7778,7298,15076,18642,26420,8,47100,84900,51,8
Pomona College,California,CA,Private,4 Year,16716,52780,69496,52780,69496,13,63800,117200,47,37
Portland State University,Oregon,OR,Public,4 Year,10428,9105,19533,27060,37488,12,50800,90500,48,16
Prairie View A&M University,Texas,TX,Public,4 Year,8925,10533,19458,24843,33768,17,57800,99400,65,22
Prescott College,Arizona,AZ,Private,4 Year,7700,31485,39185,31485,39185,7,41200,73500,69,0
Principia College,Illinois,IL,Private,4 Year,11610,29470,41080,29470,41080,17,52600,94900,56,19
Quinnipiac University,Connecticut,CT,Private,4 Year,14540,47960,62500,47960,62500,10,55900,97700,46,10
Radford University,Virginia,VA,Public,4 Year,9406,11210,20616,22845,32251,22,48900,82900,53,10
Randolph College,Virginia,VA,Private,4 Year,13580,39585,53165,39585,53165,19,47000,86100,50,23
Reed College,Oregon,OR,Private,4 Year,14210,56340,70550,56340,70550,3,56100,104900,44,26
Regis University,Colorado,CO,Private,4 Year,11560,36810,48370,36810,48370,8,55500,94800,58,13
Rhodes College,Tennessee,TN,Private,4 Year,11403,47890,59293,47890,59293,2,51900,97800,46,25
Rice University,Texas,TX,Private,4 Year,14000,47350,61350,47350,61350,1,71000,129500,50,45
Ripon College,Wisconsin,WI,Private,4 Year,8400,43808,52208,43808,52208,10,46300,89600,60,26
Roanoke College,Virginia,VA,Private,4 Year,13690,44030,57720,44030,57720,20,48500,85100,53,18
Rockhurst University,Missouri,MO,Private,4 Year,10200,37590,47790,37590,47790,7,54000,92500,59,11
Rocky Mountain College,Montana,MT,Private,4 Year,8330,28512,36842,28512,36842,5,46000,82900,59,12
Rogers State University,Oklahoma,OK,Public,4 Year,8616,6870,15486,15210,23826,22,41400,73800,48,11
Rollins College,Florida,FL,Private,4 Year,14735,49760,64495,49760,64495,18,49000,87000,53,7
Rose-Hulman Institute of Technology,Indiana,IN,Private,4 Year,14766,49871,64637,49871,64637,1,75000,135800,51,96
Rush University,Illinois,IL,Private,4 Year,NA,24900,24900,24900,24900,5,63500,107600,88,6
Rust College,Mississippi,MS,Private,4 Year,4300,9900,14200,9900,14200,13,34800,62400,76,32
Sacred Heart University,Connecticut,CT,Private,4 Year,15310,41420,56730,41420,56730,9,55000,100500,46,15
Saginaw Valley State University,Michigan,MI,Public,4 Year,10186,10308,20494,24215,34401,25,46400,82200,54,12
Saint Cloud State University,Minnesota,MN,Public,4 Year,8900,8912,17812,17146,26046,11,51600,91600,50,15
Saint Joseph's College of Maine,Maine,ME,Private,4 Year,13680,35650,49330,35650,49330,7,46900,84300,60,2
Saint Joseph's University,Pennsylvania,PA,Private,4 Year,14840,44973,59813,44973,59813,14,57300,105100,41,6
Saint Louis University,Missouri,MO,Private,4 Year,12290,43884,56174,43884,56174,4,54200,95300,56,13
Saint Martin's University,Washington,WA,Private,4 Year,11445,37356,48801,37356,48801,15,53200,91800,60,29
Saint Mary's College,Indiana,IN,Private,4 Year,12580,42220,54800,42220,54800,12,49700,89300,54,15
Saint Mary's College of California,California,CA,Private,4 Year,15370,47280,62650,47280,62650,21,59900,110800,51,5
Saint Michael's College,Vermont,VT,Private,4 Year,12220,45375,57595,45375,57595,4,52900,98500,40,18
Saint Xavier University,Illinois,IL,Private,4 Year,11340,33880,45220,33880,45220,20,49400,91200,60,10
Salisbury University,Maryland,MD,Public,4 Year,11950,9824,21774,19526,31476,19,50400,89800,51,12
Samford University,Alabama,AL,Private,4 Year,10550,31650,42200,31650,42200,5,48400,90500,52,3
San Jose State University,California,CA,Public,4 Year,16442,7796,24238,17300,33742,17,63000,114700,53,28
Santa Clara University,California,CA,Private,4 Year,14910,51711,66621,51711,66621,6,69900,134700,44,29
Savannah College of Art and Design,Georgia,GA,Private,4 Year,14550,36630,51180,36630,51180,21,46800,80100,34,3
Seattle Pacific University,Washington,WA,Private,4 Year,11796,42939,54735,42939,54735,6,53600,103400,52,9
Seattle University,Washington,WA,Private,4 Year,12288,44610,56898,44610,56898,1,60600,113700,59,12
Shenandoah University,Virginia,VA,Private,4 Year,10370,32530,42900,32530,42900,18,48700,86600,57,7
Shorter University,Georgia,GA,Private,4 Year,9400,22370,31770,22370,31770,22,45600,79900,55,6
Sierra Nevada College,Nevada,NV,Private,4 Year,13357,34241,47598,34241,47598,1,54000,95500,39,2
Simpson College,Iowa,IA,Private,4 Year,8380,39144,47524,39144,47524,11,49900,88600,47,17
Smith College,Massachusetts,MA,Private,4 Year,17520,52404,69924,52404,69924,24,52700,98200,51,26
Southeast Missouri State University,Missouri,MO,Public,4 Year,8935,7418,16353,13155,22090,20,43700,79100,52,9
Southeastern Louisiana University,Louisiana,LA,Public,4 Year,8420,8165,16585,20643,29063,15,46700,83900,51,8
Southeastern Oklahoma State University,Oklahoma,OK,Public,4 Year,6970,6750,13720,15390,22360,14,45000,80500,53,15
Southern Adventist University,Tennessee,TN,Private,4 Year,6940,21950,28890,21950,28890,10,47500,84000,67,9
Southern Connecticut State University,Connecticut,CT,Public,4 Year,12860,10875,23735,22115,34975,20,48500,83600,51,6
Southern Methodist University,Texas,TX,Private,4 Year,16845,54493,71338,54493,71338,5,59700,110400,46,22
Southern Nazarene University,Oklahoma,OK,Private,4 Year,8496,25188,33684,25188,33684,13,46100,81000,62,5
Southern Oregon University,Oregon,OR,Public,4 Year,13199,9654,22853,25584,38783,16,46000,81200,54,6
Southern University at New Orleans,Louisiana,LA,Public,4 Year,9040,9371,18411,11160,20200,22,40100,71000,76,13
Southern Utah University,Utah,UT,Public,4 Year,7090,6769,13859,20585,27675,8,46400,84400,65,7
Southern Vermont College,Vermont,VT,Private,4 Year,11000,25511,36511,25511,36511,9,42900,78700,63,17
Southwestern Oklahoma State University,Oklahoma,OK,Public,4 Year,5830,7035,12865,13935,19765,6,47900,90800,58,5
Southwestern University,Texas,TX,Private,4 Year,12000,42000,54000,42000,54000,25,51800,93500,51,19
Spalding University,Kentucky,KY,Private,4 Year,7600,24500,32100,24500,32100,13,44800,79200,71,0
Spelman College,Georgia,GA,Private,4 Year,13865,29314,43179,29314,43179,10,50200,85400,52,24
Spring Hill College,Alabama,AL,Private,4 Year,13462,39464,52926,39464,52926,6,46600,89100,53,12
St. John's College,Maryland,MD,Private,4 Year,12602,53218,65820,53218,65820,7,55900,101200,NA,0
St. Mary's University,Texas,TX,Private,4 Year,10270,30650,40920,30650,40920,22,52900,95300,61,17
Stanford University,California,CA,Private,4 Year,15763,51354,67117,51354,67117,4,79000,145200,56,51
Stephens College,Missouri,MO,Private,4 Year,10632,30950,41582,30950,41582,24,42800,77200,47,6
Sterling College,Kansas,KS,Private,4 Year,8280,26000,34280,26000,34280,17,42700,79100,73,7
Stetson University,Florida,FL,Private,4 Year,13052,46030,59082,46030,59082,21,47000,86000,44,7
Stevenson University,Maryland,MD,Private,4 Year,13130,36182,49312,36182,49312,15,50400,91600,51,15
Stonehill College,Massachusetts,MA,Private,4 Year,16000,42746,58746,42746,58746,19,55900,103200,42,18
Swarthmore College,Pennsylvania,PA,Private,4 Year,15474,52588,68062,52588,68062,4,67500,123200,44,45
Tabor College,Kansas,KS,Private,4 Year,9850,28245,38095,28245,38095,20,43300,77500,62,7
Taylor University,Indiana,IN,Private,4 Year,9614,34114,43728,34114,43728,10,48700,90600,59,16
Tennessee State University,Tennessee,TN,Public,4 Year,7806,8008,15814,21364,29170,19,47200,78400,68,14
Tennessee Technological University,Tennessee,TN,Public,4 Year,9736,9103,18839,25759,35495,6,53100,95100,48,28
Texas A&M University-Kingsville,Texas,TX,Public,4 Year,8760,8462,17222,20912,29672,20,53100,97500,63,53
Texas Christian University,Texas,TX,Private,4 Year,12804,46950,59754,46950,59754,19,56000,98700,51,9
Texas Tech University,Texas,TX,Public,4 Year,9530,11045,20575,23495,33025,7,56800,106500,54,22
Texas Tech University Health Sciences Center,Texas,TX,Public,4 Year,NA,7911,7911,20361,20361,8,61300,104900,86,3
The King's University,Texas,TX,Private,4 Year,NA,15000,15000,15000,15000,2,63800,116500,33,0
Thomas College,Maine,ME,Private,4 Year,11250,26900,38150,26900,38150,8,46100,81500,49,3
Thomas More College,Kentucky,KY,Private,4 Year,7950,31120,39070,31120,39070,2,50000,90900,56,8
Tougaloo College,Mississippi,MS,Private,4 Year,6643,10790,17433,10790,17433,12,36900,66400,69,18
Towson University,Maryland,MD,Public,4 Year,13034,9940,22974,23208,36242,16,51200,91200,47,15
Transylvania University,Kentucky,KY,Private,4 Year,10460,38750,49210,38750,49210,7,47900,85600,51,25
Trevecca Nazarene University,Tennessee,TN,Private,4 Year,8400,25598,33998,25598,33998,14,45300,81700,65,5
Trine University,Indiana,IN,Private,4 Year,10810,32175,42985,32175,42985,6,55100,100300,56,26
Trinity College,Connecticut,CT,Private,4 Year,14750,56910,71660,56910,71660,5,60100,110900,49,22
Trinity University,Texas,TX,Private,4 Year,13464,42976,56440,42976,56440,11,54900,102900,46,27
Troy University,Alabama,AL,Public,4 Year,8185,12460,20645,22875,31060,11,44500,81500,60,8
Truman State University,Missouri,MO,Public,4 Year,8780,7729,16509,14581,23361,12,47900,85800,48,16
Tufts University,Massachusetts,MA,Private,4 Year,14560,56382,70942,56382,70942,7,65200,118100,49,25
Tuskegee University,Alabama,AL,Private,4 Year,9650,22170,31820,22170,31820,4,54500,93500,61,30
Union University,Tennessee,TN,Private,4 Year,10200,32890,43090,32890,43090,12,46400,83000,59,6
Unity College,Maine,ME,Private,4 Year,10710,29160,39870,29160,39870,15,38200,69500,NA,23
University of Alabama at Birmingham,Alabama,AL,Public,4 Year,6400,10710,17110,24630,31030,8,48600,87200,57,17
University of Alabama in Huntsville,Alabama,AL,Public,4 Year,10094,10714,20808,22362,32456,2,57500,103900,59,45
University of Alaska Anchorage,Alaska,AK,Public,4 Year,12200,7688,19888,23858,36058,2,56000,101000,57,10
University of Alaska Fairbanks,Alaska,AK,Public,4 Year,8930,8087,17017,24257,33187,1,59100,101800,54,20
University of Arizona,Arizona,AZ,Public,4 Year,12550,12487,25037,36386,48936,2,56100,101000,51,23
University of Arkansas,Arkansas,AR,Public,4 Year,11020,9130,20150,25168,36188,1,52500,98000,49,18
University of Arkansas at Little Rock,Arkansas,AR,Public,4 Year,8930,8966,17896,21206,30136,7,45600,80800,55,13
University of Arkansas at Monticello,Arkansas,AR,Public,4 Year,6824,7696,14520,13546,20370,12,43500,78300,61,2
University of Arkansas at Pine Bluff,Arkansas,AR,Public,4 Year,7881,7842,15723,14094,21975,17,40500,70500,67,22
University of Arkansas for Medical Sciences,Arkansas,AR,Public,4 Year,NA,8197,8197,15973,15973,3,51700,89100,84,3
University of Baltimore,Maryland,MD,Public,4 Year,NA,8958,8958,21076,21076,20,51000,89600,56,2
University of Bridgeport,Connecticut,CT,Private,4 Year,13860,32850,46710,32850,46710,13,49900,93600,59,31
University of Central Arkansas,Arkansas,AR,Public,4 Year,6854,8751,15605,15274,22128,10,44900,79800,52,8
University of Central Florida,Florida,FL,Public,4 Year,9617,6368,15985,22467,32084,16,49700,88600,50,16
University of Central Missouri,Missouri,MO,Public,4 Year,8766,7673,16439,14442,23208,16,46900,83300,54,45
University of Central Oklahoma,Oklahoma,OK,Public,4 Year,7970,7488,15458,18376,26346,10,45300,82900,56,8
University of Chicago,Illinois,IL,Private,4 Year,16350,58230,74580,58230,74580,4,64000,114200,41,22
University of Colorado Boulder,Colorado,CO,Public,4 Year,14418,12532,26950,37286,51704,3,57800,109900,48,39
University of Colorado Colorado Springs,Colorado,CO,Public,4 Year,10500,10463,20963,24893,35393,9,52200,90900,53,21
University of Connecticut,Connecticut,CT,Public,4 Year,12874,15730,28604,38098,50972,6,59100,105200,48,24
University of Dallas,Texas,TX,Private,4 Year,12400,40652,53052,40652,53052,21,53000,96400,49,16
University of Dayton,Ohio,OH,Private,4 Year,13580,42900,56480,42900,56480,4,57400,105000,44,33
University of Delaware,Delaware,DE,Public,4 Year,12862,13680,26542,34310,47172,1,58600,105400,43,22
University of Denver,Colorado,CO,Private,4 Year,13005,50556,63561,50556,63561,4,55700,105100,48,12
University of Detroit Mercy,Michigan,MI,Private,4 Year,9496,28000,37496,28000,37496,10,51800,92800,57,13
University of Dubuque,Iowa,IA,Private,4 Year,9930,34110,44040,34110,44040,21,44200,79700,48,7
University of Evansville,Indiana,IN,Private,4 Year,12460,36416,48876,36416,48876,11,50300,89900,54,17
University of Florida,Florida,FL,Public,4 Year,10120,6381,16501,28658,38778,4,55800,102800,52,29
University of Georgia,Georgia,GA,Public,4 Year,10038,11830,21868,30404,40442,3,54400,100700,45,14
University of Hartford,Connecticut,CT,Private,4 Year,12476,40694,53170,40694,53170,7,55200,101600,53,15
University of Hawaii at Hilo,Hawaii,HI,Public,4 Year,11406,7720,19126,20680,32086,5,44000,77200,59,14
University of Hawaii at Manoa,Hawaii,HI,Public,4 Year,13689,11970,25659,34002,47691,3,51600,91600,56,18
University of Holy Cross,Louisiana,LA,Private,4 Year,NA,17300,17300,17300,17300,13,48400,86300,69,3
University of Houston,Texas,TX,Public,4 Year,10270,12506,22776,27956,38226,9,56000,103900,50,24
University of Houston-Clear Lake,Texas,TX,Public,4 Year,NA,8500,8500,24731,24731,23,50700,94800,48,29
University of Idaho,Idaho,ID,Public,4 Year,8880,7864,16744,25500,34380,1,52300,97700,54,22
University of Illinois at Chicago,Illinois,IL,Public,4 Year,12074,13764,25838,26980,39054,7,56300,103800,48,31
University of Illinois at Urbana-Champaign,Illinois,IL,Public,4 Year,11308,15094,26402,31664,42972,3,62600,115300,44,36
University of Indianapolis,Indiana,IN,Private,4 Year,10288,29688,39976,29688,39976,21,47300,84500,55,5
University of Iowa,Iowa,IA,Public,4 Year,11172,9267,20439,31233,42405,3,54100,99400,48,16
University of Kansas,Kansas,KS,Public,4 Year,10350,11148,21498,27358,37708,1,53000,98600,52,16
University of Kentucky,Kentucky,KY,Public,4 Year,12982,12245,25227,29099,42081,1,51700,96400,48,19
University of Louisiana at Lafayette,Louisiana,LA,Public,4 Year,8516,10616,19132,24344,32860,5,48200,92500,52,19
University of Louisiana at Monroe,Louisiana,LA,Public,4 Year,7850,8734,16584,20834,28684,5,48500,92500,65,7
University of Louisville,Kentucky,KY,Public,4 Year,9226,11656,20882,27278,36504,5,49500,87600,50,18
University of Maine,Maine,ME,Public,4 Year,10418,11170,21588,30970,41388,5,52000,95000,50,24
University of Maine at Augusta,Maine,ME,Public,4 Year,NA,7988,7988,17918,17918,12,41600,73100,61,7
University of Maine at Farmington,Maine,ME,Public,4 Year,9726,9666,19392,19778,29504,13,41100,71700,64,5
University of Maine at Fort Kent,Maine,ME,Public,4 Year,8220,8115,16335,12315,20535,11,43500,76300,73,5
University of Maine at Machias,Maine,ME,Public,4 Year,8486,7840,16326,15100,23586,16,37100,66200,47,13
University of Maine at Presque Isle,Maine,ME,Public,4 Year,8406,8035,16441,12235,20641,14,39000,70700,58,6
University of Mary Washington,Virginia,VA,Public,4 Year,11118,12188,23306,27434,38552,10,54200,98200,49,17
University of Memphis,Tennessee,TN,Public,4 Year,9975,9701,19676,21413,31388,8,47200,85800,55,12
University of Miami,Florida,FL,Private,4 Year,14108,50226,64334,50226,64334,6,56200,99600,48,22
University of Mississippi,Mississippi,MS,Public,4 Year,10696,8660,19356,24614,35310,2,48500,89100,55,12
University of Mobile,Alabama,AL,Private,4 Year,9600,22820,32420,22820,32420,19,40600,74100,77,7
University of Montevallo,Alabama,AL,Public,4 Year,9330,12760,22090,25780,35110,22,38900,70700,49,7
University of Mount Union,Ohio,OH,Private,4 Year,10200,31260,41460,31260,41460,22,48300,88500,41,19
University of Nebraska Medical Center,Nebraska,NE,Public,4 Year,NA,11558,11558,28898,28898,3,53400,93000,79,6
University of New England,Maine,ME,Private,4 Year,13990,37620,51610,37620,51610,6,50100,91500,69,7
University of New Haven,Connecticut,CT,Private,4 Year,15900,39270,55170,39270,55170,11,52100,94800,52,25
University of New Orleans,Louisiana,LA,Public,4 Year,10575,9054,19629,13890,24465,7,49900,91600,55,23
University of North Alabama,Alabama,AL,Public,4 Year,9200,10370,19570,18680,27880,18,43000,75600,61,6
University of North Florida,Florida,FL,Public,4 Year,9976,6394,16370,20112,30088,19,48800,86600,51,11
University of North Georgia,Georgia,GA,Public,4 Year,7876,7336,15212,21148,29024,9,47300,85600,51,8
University of Northern Colorado,Colorado,CO,Public,4 Year,11204,9786,20990,21474,32678,12,47700,87100,52,7
University of Northern Iowa,Iowa,IA,Public,4 Year,8948,8938,17886,19480,28428,15,47100,85300,46,8
University of Notre Dame,Indiana,IN,Private,4 Year,15410,53391,68801,53391,68801,2,67000,130500,45,28
University of Oregon,Oregon,OR,Public,4 Year,12963,11898,24861,35478,48441,7,51800,95800,46,13
University of Pennsylvania,Pennsylvania,PA,Private,4 Year,15616,55584,71200,55584,71200,3,72800,133900,41,21
University of Pikeville,Kentucky,KY,Private,4 Year,7800,20950,28750,20950,28750,21,39000,70700,74,11
University of Portland,Oregon,OR,Private,4 Year,13450,45904,59354,45904,59354,3,58500,104900,52,28
University of Puget Sound,Washington,WA,Private,4 Year,12540,49776,62316,49776,62316,8,54200,101300,45,21
University of Richmond,Virginia,VA,Private,4 Year,12250,52610,64860,52610,64860,7,59800,107500,48,13
University of Saint Joseph,Connecticut,CT,Private,4 Year,11428,39173,50601,39173,50601,14,49900,88800,63,9
University of San Diego,California,CA,Private,4 Year,12980,49358,62338,49358,62338,25,58900,109400,48,12
University of San Francisco,California,CA,Private,4 Year,14830,48066,62896,48066,62896,23,60600,109900,52,6
University of Science and Arts of Oklahoma,Oklahoma,OK,Public,4 Year,6350,7215,13565,17565,23915,23,37300,67400,49,11
University of Scranton,Pennsylvania,PA,Private,4 Year,15182,44532,59714,44532,59714,23,56400,99700,42,12
University of South Alabama,Alabama,AL,Public,4 Year,7620,9870,17490,19740,27360,9,47700,86400,56,17
University of Southern California,California,CA,Private,4 Year,15395,56225,71620,56225,71620,11,64500,120600,47,23
University of Southern Maine,Maine,ME,Public,4 Year,9450,9520,18970,22780,32230,9,46900,81300,55,8
University of Southern Mississippi,Mississippi,MS,Public,4 Year,9857,8734,18591,10734,20591,4,45100,83900,56,11
University of the Cumberlands,Kentucky,KY,Private,4 Year,9000,23000,32000,23000,32000,17,39800,73800,63,8
University of the Ozarks,Arkansas,AR,Private,4 Year,7400,24230,31630,24230,31630,14,42300,74500,58,16
University of the Sciences,Pennsylvania,PA,Private,4 Year,15938,25000,40938,25000,40938,8,60700,115200,72,12
University of Toledo,Ohio,OH,Public,4 Year,11434,9795,21229,19133,30567,18,51800,92500,52,21
University of Tulsa,Oklahoma,OK,Private,4 Year,11116,41509,52625,41509,52625,1,58700,107200,51,36
University of Utah,Utah,UT,Public,4 Year,10262,9222,19484,29215,39477,2,54800,102600,57,22
University of Vermont,Vermont,VT,Public,4 Year,12462,18276,30738,42516,54978,2,53200,99400,50,22
University of West Alabama,Alabama,AL,Public,4 Year,8116,10040,18156,18490,26606,17,42700,76100,61,4
University of West Georgia,Georgia,GA,Public,4 Year,10918,7292,18210,20774,31692,15,46700,82700,51,9
University of Wisconsin-Eau Claire,Wisconsin,WI,Public,4 Year,7813,8820,16633,17096,24909,7,52100,93600,46,14
University of Wisconsin-La Crosse,Wisconsin,WI,Public,4 Year,6331,9106,15437,17924,24255,14,49600,88300,53,19
University of Wisconsin-Madison,Wisconsin,WI,Public,4 Year,11114,10555,21669,36805,47919,3,57300,104400,48,33
University of Wisconsin-Milwaukee,Wisconsin,WI,Public,4 Year,10728,11084,21812,22364,33092,9,50600,90300,50,17
University of Wisconsin-Oshkosh,Wisconsin,WI,Public,4 Year,7448,8820,16268,16393,23841,19,47700,84300,52,10
University of Wisconsin-Parkside,Wisconsin,WI,Public,4 Year,8026,7529,15555,15518,23544,24,46000,81400,47,17
University of Wisconsin-Platteville,Wisconsin,WI,Public,4 Year,7580,7571,15151,15421,23001,4,56800,100300,50,38
University of Wisconsin-River Falls,Wisconsin,WI,Public,4 Year,6513,7862,14375,15435,21948,25,47100,81300,52,14
University of Wisconsin-Stout,Wisconsin,WI,Public,4 Year,6924,9457,16381,17423,24347,11,50400,89500,47,14
University of Wisconsin-Whitewater,Wisconsin,WI,Public,4 Year,6786,7692,14478,16265,23051,12,48900,89300,44,8
University of Wyoming,Wyoming,WY,Public,4 Year,10320,5400,15720,17490,27810,1,52400,98800,58,25
Upper Iowa University,Iowa,IA,Private,4 Year,8454,30450,38904,30450,38904,24,44200,78000,56,3
Ursinus College,Pennsylvania,PA,Private,4 Year,12750,52050,64800,52050,64800,18,54400,101800,42,40
Utah State University,Utah,UT,Public,4 Year,6400,7424,13824,21505,27905,4,52400,93900,61,14
Utah Valley University,Utah,UT,Public,4 Year,NA,5726,5726,16296,16296,7,51100,90600,57,12
Valdosta State University,Georgia,GA,Public,4 Year,8110,7476,15586,20958,29068,19,43400,81000,57,7
Valparaiso University,Indiana,IN,Private,4 Year,11860,40260,52120,40260,52120,8,53300,98000,52,31
Vanderbilt University,Tennessee,TN,Private,4 Year,16234,49816,66050,49816,66050,1,65400,119100,48,23
Vermont Technical College,Vermont,VT,Public,4 Year,10598,15108,25706,27780,38378,5,52400,93900,41,4
Villanova University,Pennsylvania,PA,Private,4 Year,14020,53308,67328,53308,67328,7,65100,119500,41,23
Virginia Commonwealth University,Virginia,VA,Public,4 Year,10428,14490,24918,35138,45566,16,49900,88200,52,18
Virginia Military Institute,Virginia,VA,Public,4 Year,9428,18862,28290,45706,55134,2,65900,120600,68,47
Virginia Polytechnic Institute and State University,Virginia,VA,Public,4 Year,8934,13620,22554,31304,40238,4,62700,114000,48,42
Virginia State University,Virginia,VA,Public,4 Year,11208,9056,20264,19576,30784,24,44900,81800,61,14
Viterbo University,Wisconsin,WI,Private,4 Year,9060,27970,37030,27970,37030,22,46800,81900,62,3
Wabash College,Indiana,IN,Private,4 Year,10050,43450,53500,43450,53500,3,62200,114400,40,34
Walla Walla University,Washington,WA,Private,4 Year,4275,28035,32310,28035,32310,11,53700,97800,54,22
Walsh College of Accountancy and Business Administration,Michigan,MI,Private,4 Year,NA,17625,17625,17625,17625,20,49400,85200,42,5
Wartburg College,Iowa,IA,Private,4 Year,9996,41280,51276,41280,51276,12,49300,88000,49,34
Washburn University,Kansas,KS,Public,4 Year,8237,8870,17107,19940,28177,12,47000,83000,54,4
Washington Adventist University,Maryland,MD,Private,4 Year,9370,23900,33270,23900,33270,10,55600,97600,63,9
Washington and Lee University,Virginia,VA,Private,4 Year,13925,52455,66380,52455,66380,1,65900,123200,40,18
Washington College,Maryland,MD,Private,4 Year,12414,46978,59392,46978,59392,14,52800,93500,55,21
Washington State University,Washington,WA,Public,4 Year,11398,11581,22979,26365,37763,5,55900,103700,50,20
Wayne State College,Nebraska,NE,Public,4 Year,7668,6989,14657,12299,19967,18,40600,73400,54,11
Wayne State University,Michigan,MI,Public,4 Year,10427,13347,23774,28241,38668,12,50800,91700,53,21
Weber State University,Utah,UT,Public,4 Year,6279,5831,12110,16585,22864,3,53900,94000,60,8
Webster University,Missouri,MO,Private,4 Year,11050,27900,38950,27900,38950,15,46500,83500,50,2
Wellesley College,Massachusetts,MA,Private,4 Year,16468,53732,70200,53732,70200,18,58900,106200,48,34
Wentworth Institute of Technology,Massachusetts,MA,Private,4 Year,14190,33950,48140,33950,48140,15,62700,112700,53,39
Wesley College,Delaware,DE,Private,4 Year,11717,26406,38123,26406,38123,4,45400,77300,50,2
Wesleyan University,Connecticut,CT,Private,4 Year,15060,54914,69974,54914,69974,3,61600,117000,53,21
Western Connecticut State University,Connecticut,CT,Public,4 Year,13072,10819,23891,22059,35131,15,51700,88100,50,6
Western Governors University,Utah,UT,Private,4 Year,NA,6670,6670,6670,6670,6,54500,91500,57,9
Western Kentucky University,Kentucky,KY,Public,4 Year,8343,10602,18945,26496,34839,8,45500,83100,49,10
Western Michigan University,Michigan,MI,Public,4 Year,10143,12483,22626,15373,25516,11,50900,92200,47,16
Western New England University,Massachusetts,MA,Private,4 Year,13590,36804,50394,36804,50394,20,56400,103000,44,21
Western Oregon University,Oregon,OR,Public,4 Year,10415,9540,19955,26415,36830,20,44500,79300,50,5
Western State Colorado University,Colorado,CO,Public,4 Year,9635,10114,19749,21586,31221,14,44800,81500,47,19
Western Washington University,Washington,WA,Public,4 Year,11466,8132,19598,23544,35010,9,55000,99300,45,16
Whitman College,Washington,WA,Private,4 Year,13174,51764,64938,51764,64938,7,54600,102600,53,33
Whitworth University,Washington,WA,Private,4 Year,11496,43640,55136,43640,55136,17,49900,88800,52,18
Wichita State University,Kansas,KS,Public,4 Year,11252,8271,19523,17452,28704,7,48700,87300,57,24
Widener University,Pennsylvania,PA,Private,4 Year,14446,45948,60394,45948,60394,21,55700,100100,57,13
Willamette University,Oregon,OR,Private,4 Year,12440,50074,62514,50074,62514,6,52200,97700,49,14
William Carey University,Mississippi,MS,Private,4 Year,6810,12600,19410,12600,19410,9,41100,71800,61,6
William Jewell College,Missouri,MO,Private,4 Year,9930,34400,44330,34400,44330,6,51400,94500,60,12
William Penn University,Iowa,IA,Private,4 Year,6952,25600,32552,25600,32552,23,43900,78300,59,7
Williams College,Massachusetts,MA,Private,4 Year,14500,55450,69950,55450,69950,5,67500,127500,47,32
Wilmington University,Delaware,DE,Private,4 Year,NA,11210,11210,11210,11210,5,45100,76600,50,4
Winona State University,Minnesota,MN,Public,4 Year,9010,9425,18435,15348,24358,16,49700,86800,51,10
Wisconsin Lutheran College,Wisconsin,WI,Private,4 Year,10190,29725,39915,29725,39915,20,46200,82500,45,10
Wittenberg University,Ohio,OH,Private,4 Year,10356,39500,49856,39500,49856,3,52400,105400,61,22
Worcester Polytechnic Institute,Massachusetts,MA,Private,4 Year,14774,50530,65304,50530,65304,3,73600,135500,47,86
Xavier University,Ohio,OH,Private,4 Year,12780,38530,51310,38530,51310,16,51800,94000,46,7
Xavier University of Louisiana,Louisiana,LA,Private,4 Year,9047,24488,33535,24488,33535,11,46700,88200,63,35
Yale University,Connecticut,CT,Private,4 Year,16000,53430,69430,53430,69430,1,70300,138300,53,22
